,Sensitivity,Specificity,Accuracy,MCC,AUC
0,0.7272727272727273,,0.7272727272727273,0.0,0.5
1,"(np.float64(0.6261879505104913), np.float64(0.8093452010054668))","(np.float64(nan), np.float64(nan))","(np.float64(0.6261879505104913), np.float64(0.8093452010054668))","(np.float64(0.0), np.float64(0.9999999973968223))",0.5
