,Sensitivity,Specificity,Accuracy,MCC,AUC
0,0.8461538461538461,0.6086956521739131,0.7840909090909091,0.4487378559049649,0.7213541666666667
1,"(np.float64(0.7394468036002149), np.float64(0.9142290593301149))","(np.float64(0.4078552239138171), np.float64(0.7784237720752205))","(np.float64(0.6872246863441355), np.float64(0.8571917530508122))","(np.float64(0.4238570285572502), np.float64(0.473877926344332))",0.7213541666666667
